marca,numero,precio
adidas,223,130000
adidas,222,265000
adidas,221,210000
adidas,220,185000
adidas,219,215000
adidas,218,215000
adidas,217,215000
adidas,216,215000
adidas,215,215000
adidas,214,215000
adidas,213,215000
adidas,212,215000
adidas,211,215000
adidas,210,215000
adidas,209,215000
adidas,208,215000
adidas,207,215000
adidas,206,215000
adidas,205,215000
adidas,204,215000
adidas,203,190000
adidas,202,190000
adidas,201,190000
adidas,200,190000
adidas,199,190000
adidas,198,190000
adidas,197,195000
adidas,196,195000
adidas,195,195000
adidas,194,195000
adidas,193,195000
adidas,192,195000
adidas,191,195000
adidas,190,195000
adidas,189,195000
adidas,188,195000
adidas,187,195000
adidas,186,195000
adidas,185,195000
adidas,184,195000
adidas,183,195000
adidas,182,105000
adidas,181,105000
adidas,180,130000
adidas,179,130000
adidas,178,130000
adidas,177,130000
adidas,176,130000
adidas,175,130000
adidas,174,115000
adidas,173,115000
adidas,172,115000
adidas,171,115000
adidas,169,115000
adidas,168,115000
adidas,167,155000
adidas,166,155000
adidas,165,155000
adidas,164,155000
adidas,163,155000
adidas,162,155000
adidas,161,155000
adidas,160,155000
adidas,159,155000
adidas,158,155000
adidas,157,155000
adidas,156,155000
adidas,155,205000
adidas,154,340000
adidas,153,335000
adidas,152,260000
adidas,151,345000
adidas,150,255000
adidas,149,260000
adidas,148,400000
adidas,147,210000
adidas,146,235000
adidas,145,275000
adidas,144,250000
adidas,143,435000
adidas,142,320000
adidas,141,270000
adidas,140,210000
adidas,139,215000
adidas,138,235000
adidas,137,255000
adidas,136,205000
adidas,135,300000
adidas,134,165000
adidas,133,170000
adidas,132,170000
adidas,131,145000
adidas,130,190000
adidas,129,135000
adidas,128,90000
adidas,127,130000
adidas,126,120000
adidas,125,80000
adidas,124,110000
adidas,123,185000
adidas,122,215000
adidas,121,120000
adidas,120,210000
adidas,119,170000
adidas,118,115000
adidas,116,100000
adidas,115,220000
adidas,114,155000
adidas,113,100000
adidas,112,145000
adidas,111,165000
adidas,110,130000
adidas,109,170000
adidas,108,240000
adidas,107,290000
adidas,106,205000
adidas,105,110000
adidas,104,200000
adidas,103,140000
adidas,102,170000
adidas,101,165000
adidas,100,255000
adidas,99,195000
adidas,98,125000
adidas,97,190000
adidas,96,155000
adidas,95,110000
adidas,94,195000
adidas,93,120000
adidas,92,115000
adidas,91,130000
adidas,90,100000
adidas,89,80000
adidas,88,90000
adidas,87,100000
adidas,86,135000
adidas,85,130000
adidas,84,105000
adidas,83,95000
adidas,82,100000
adidas,81,90000
adidas,80,185000
adidas,79,95000
adidas,78,125000
adidas,77,145000
adidas,76,130000
adidas,75,115000
adidas,74,140000
adidas,73,100000
adidas,72,115000
adidas,71,90000
adidas,70,115000
adidas,69,215000
adidas,68,150000
adidas,67,70000
adidas,66,95000
adidas,65,185000
adidas,64,145000
adidas,63,105000
adidas,62,120000
adidas,61,100000
adidas,60,110000
adidas,59,95000
adidas,58,120000
adidas,57,120000
adidas,56,90000
adidas,55,100000
adidas,54,170000
adidas,53,125000
adidas,52,270000
adidas,51,290000
adidas,50,130000
adidas,49,105000
adidas,48,125000
adidas,47,120000
adidas,46,90000
adidas,45,100000
adidas,44,125000
adidas,43,150000
adidas,42,95000
adidas,41,85000
adidas,40,185000
adidas,39,85000
adidas,38,85000
adidas,37,125000
adidas,36,70000
adidas,35,105000
adidas,34,100000
adidas,33,185000
adidas,32,140000
adidas,31,135000
adidas,30,135000
adidas,29,185000
adidas,28,160000
adidas,27,120000
adidas,26,110000
adidas,25,110000
adidas,24,125000
adidas,23,130000
adidas,22,110000
adidas,21,100000
adidas,20,100000
adidas,19,100000
adidas,18,110000
adidas,17,90000
adidas,16,80000
adidas,15,105000
adidas,14,85000
adidas,13,175000
adidas,12,155000
adidas,11,110000
adidas,10,110000
adidas,9,175000
adidas,8,210000
adidas,7,110000
adidas,6,115000
adidas,5,145000
adidas,4,195000
adidas,3,120000
adidas,2,120000
adidas,1,105000
balenciaga,178,415000
balenciaga,177,415000
balenciaga,176,415000
balenciaga,175,445000
balenciaga,174,445000
balenciaga,173,445000
balenciaga,172,445000
balenciaga,171,445000
balenciaga,170,385000
balenciaga,169,385000
balenciaga,168,385000
balenciaga,167,385000
balenciaga,166,385000
balenciaga,165,385000
balenciaga,164,385000
balenciaga,163,385000
balenciaga,162,385000
balenciaga,161,320000
balenciaga,160,320000
balenciaga,159,250000
balenciaga,158,285000
balenciaga,157,145000
balenciaga,156,125000
balenciaga,155,125000
balenciaga,154,410000
balenciaga,153,410000
balenciaga,152,410000
balenciaga,151,405000
balenciaga,150,285000
balenciaga,149,245000
balenciaga,148,145000
balenciaga,147,270000
balenciaga,146,350000
balenciaga,145,320000
balenciaga,144,185000
balenciaga,143,410000
balenciaga,142,310000
balenciaga,141,260000
balenciaga,140,330000
balenciaga,139,290000
balenciaga,138,290000
balenciaga,137,340000
balenciaga,136,280000
balenciaga,135,325000
balenciaga,134,130000
balenciaga,133,300000
balenciaga,132,365000
balenciaga,131,265000
balenciaga,130,265000
balenciaga,129,265000
balenciaga,128,265000
balenciaga,127,370000
balenciaga,126,325000
balenciaga,125,175000
balenciaga,124,260000
balenciaga,123,260000
balenciaga,122,260000
balenciaga,121,290000
balenciaga,120,290000
balenciaga,119,275000
balenciaga,118,290000
balenciaga,117,285000
balenciaga,116,300000
balenciaga,115,340000
balenciaga,114,290000
balenciaga,113,260000
balenciaga,112,280000
balenciaga,111,285000
balenciaga,110,265000
balenciaga,109,265000
balenciaga,108,260000
balenciaga,107,270000
balenciaga,106,270000
balenciaga,105,290000
balenciaga,104,290000
balenciaga,103,235000
balenciaga,102,290000
balenciaga,101,345000
balenciaga,100,245000
balenciaga,99,175000
balenciaga,98,220000
balenciaga,97,145000
balenciaga,96,145000
balenciaga,95,380000
balenciaga,94,420000
balenciaga,93,215000
balenciaga,92,215000
balenciaga,91,320000
balenciaga,90,305000
balenciaga,89,305000
balenciaga,88,155000
balenciaga,87,265000
balenciaga,86,105000
balenciaga,85,335000
balenciaga,84,385000
balenciaga,83,285000
balenciaga,82,510000
balenciaga,81,300000
balenciaga,80,335000
balenciaga,79,205000
balenciaga,78,370000
balenciaga,77,350000
balenciaga,76,135000
balenciaga,75,260000
balenciaga,74,320000
balenciaga,73,290000
balenciaga,72,110000
balenciaga,71,290000
balenciaga,70,310000
balenciaga,69,455000
balenciaga,68,270000
balenciaga,67,300000
balenciaga,66,555000
balenciaga,65,110000
balenciaga,64,215000
balenciaga,63,215000
balenciaga,62,215000
balenciaga,61,380000
balenciaga,60,110000
balenciaga,59,135000
balenciaga,58,190000
balenciaga,57,280000
balenciaga,56,375000
balenciaga,55,285000
balenciaga,54,265000
balenciaga,53,285000
balenciaga,52,295000
balenciaga,51,110000
balenciaga,50,500000
balenciaga,49,615000
balenciaga,48,365000
balenciaga,47,200000
balenciaga,46,415000
balenciaga,45,145000
balenciaga,44,375000
balenciaga,43,190000
balenciaga,42,215000
balenciaga,41,450000
balenciaga,40,85000
balenciaga,39,110000
balenciaga,38,230000
balenciaga,37,230000
balenciaga,36,215000
balenciaga,35,215000
balenciaga,34,380000
balenciaga,33,230000
balenciaga,32,330000
balenciaga,31,375000
balenciaga,30,300000
balenciaga,29,290000
balenciaga,28,345000
balenciaga,27,300000
balenciaga,26,345000
balenciaga,25,255000
balenciaga,24,265000
balenciaga,23,345000
balenciaga,22,345000
balenciaga,21,255000
balenciaga,20,255000
balenciaga,19,265000
balenciaga,18,265000
balenciaga,17,265000
balenciaga,16,265000
balenciaga,15,265000
balenciaga,14,265000
balenciaga,13,255000
balenciaga,12,300000
balenciaga,11,300000
balenciaga,10,345000
balenciaga,9,320000
balenciaga,8,320000
balenciaga,7,320000
balenciaga,6,320000
balenciaga,5,320000
balenciaga,4,320000
balenciaga,3,300000
balenciaga,2,300000
balenciaga,1,300000
bape,184,55000
bape,183,55000
bape,182,55000
bape,181,55000
bape,180,55000
bape,179,55000
bape,178,55000
bape,177,55000
bape,176,55000
bape,175,55000
bape,174,55000
bape,173,55000
bape,172,55000
bape,171,55000
bape,170,55000
bape,169,55000
bape,168,55000
bape,167,55000
bape,166,55000
bape,165,55000
bape,161,25000
bape,160,25000
bape,159,25000
bape,158,85000
bape,157,85000
bape,156,20000
bape,155,45000
bape,154,45000
bape,153,45000
bape,152,65000
bape,151,80000
bape,150,80000
bape,149,80000
bape,148,55000
bape,147,55000
bape,146,35000
bape,145,35000
bape,144,35000
bape,143,35000
bape,142,135000
bape,141,120000
bape,140,290000
bape,139,105000
bape,138,185000
bape,137,210000
bape,136,40000
bape,135,45000
bape,134,55000
bape,133,55000
bape,132,60000
bape,131,75000
bape,130,40000
bape,129,170000
bape,128,170000
bape,127,135000
bape,126,135000
bape,125,135000
bape,124,170000
bape,123,170000
bape,122,170000
bape,121,170000
bape,120,135000
bape,119,135000
bape,118,160000
bape,117,140000
bape,116,140000
bape,115,45000
bape,114,45000
bape,113,60000
bape,112,20000
bape,111,40000
bape,110,190000
bape,110,290000
bape,109,95000
bape,108,95000
bape,107,95000
bape,106,95000
bape,105,160000
bape,104,160000
bape,103,160000
bape,102,160000
bape,101,160000
bape,100,160000
bape,99,160000
bape,98,160000
bape,97,160000
bape,96,160000
bape,95,60000
bape,94,60000
bape,93,60000
bape,92,60000
bape,91,60000
bape,90,60000
bape,89,60000
bape,88,60000
bape,87,60000
bape,86,60000
bape,85,60000
bape,84,60000
bape,83,60000
bape,82,60000
bape,81,60000
bape,80,60000
bape,79,60000
bape,78,60000
bape,77,60000
bape,76,60000
bape,75,60000
bape,74,60000
bape,73,60000
bape,72,60000
bape,71,50000
bape,70,50000
bape,69,50000
bape,68,50000
bape,67,50000
bape,66,80000
bape,65,80000
bape,64,80000
bape,63,90000
bape,62,90000
bape,61,90000
bape,60,90000
bape,59,90000
bape,58,90000
bape,57,90000
bape,56,90000
bape,55,90000
bape,54,90000
bape,53,90000
bape,51,90000
bape,50,135000
bape,49,135000
bape,48,135000
bape,47,135000
bape,46,135000
bape,45,135000
bape,44,135000
bape,43,135000
bape,42,135000
bape,41,135000
bape,40,135000
bape,39,135000
bape,38,135000
bape,37,135000
bape,36,135000
bape,35,135000
bape,34,135000
bape,33,135000
bape,32,135000
bape,31,135000
bape,30,135000
bape,29,135000
bape,28,135000
bape,27,135000
bape,26,135000
bape,25,135000
bape,24,135000
bape,23,135000
bape,22,135000
bape,21,135000
bape,19,135000
bape,18,135000
bape,17,135000
bape,16,135000
bape,15,135000
bape,14,135000
bape,13,135000
bape,12,135000
bape,11,135000
bape,10,135000
bape,9,135000
bape,8,135000
bape,7,135000
bape,6,135000
bape,5,135000
bape,4,135000
bape,3,135000
bape,2,135000
bape,1,135000
chrome-hearts,270,30000
chrome-hearts,269,95000
chrome-hearts,268,95000
chrome-hearts,267,15000
chrome-hearts,266,15000
chrome-hearts,265,15000
chrome-hearts,264,15000
chrome-hearts,263,10000
chrome-hearts,262,15000
chrome-hearts,261,10000
chrome-hearts,260,15000
chrome-hearts,259,25000
chrome-hearts,258,20000
chrome-hearts,257,15000
chrome-hearts,256,15000
chrome-hearts,255,10000
chrome-hearts,254,10000
chrome-hearts,253,15000
chrome-hearts,252,10000
chrome-hearts,251,15000
chrome-hearts,250,10000
chrome-hearts,249,10000
chrome-hearts,248,10000
chrome-hearts,247,10000
chrome-hearts,246,15000
chrome-hearts,245,15000
chrome-hearts,244,20000
chrome-hearts,243,20000
chrome-hearts,242,10000
chrome-hearts,241,15000
chrome-hearts,240,10000
chrome-hearts,239,10000
chrome-hearts,238,10000
chrome-hearts,237,15000
chrome-hearts,236,15000
chrome-hearts,235,15000
chrome-hearts,234,15000
chrome-hearts,233,15000
chrome-hearts,232,10000
chrome-hearts,231,10000
chrome-hearts,230,65000
chrome-hearts,229,90000
chrome-hearts,228,90000
chrome-hearts,227,90000
chrome-hearts,226,90000
chrome-hearts,225,90000
chrome-hearts,224,80000
chrome-hearts,223,110000
chrome-hearts,222,110000
chrome-hearts,221,110000
chrome-hearts,220,115000
chrome-hearts,219,110000
chrome-hearts,218,115000
chrome-hearts,217,115000
chrome-hearts,216,145000
chrome-hearts,215,115000
chrome-hearts,214,115000
chrome-hearts,213,115000
chrome-hearts,212,115000
chrome-hearts,209,40000
chrome-hearts,208,40000
chrome-hearts,207,40000
chrome-hearts,206,40000
chrome-hearts,205,40000
chrome-hearts,204,40000
chrome-hearts,203,40000
chrome-hearts,202,55000
chrome-hearts,201,25000
chrome-hearts,200,25000
chrome-hearts,199,25000
chrome-hearts,198,25000
chrome-hearts,197,25000
chrome-hearts,196,25000
chrome-hearts,195,25000
chrome-hearts,194,25000
chrome-hearts,193,25000
chrome-hearts,192,25000
chrome-hearts,191,25000
chrome-hearts,190,25000
chrome-hearts,189,25000
chrome-hearts,188,25000
chrome-hearts,187,25000
chrome-hearts,186,25000
chrome-hearts,185,25000
chrome-hearts,184,25000
chrome-hearts,183,25000
chrome-hearts,182,25000
chrome-hearts,181,25000
chrome-hearts,180,25000
chrome-hearts,179,25000
chrome-hearts,178,25000
chrome-hearts,177,25000
chrome-hearts,176,25000
chrome-hearts,175,25000
chrome-hearts,174,25000
chrome-hearts,173,30000
chrome-hearts,172,25000
chrome-hearts,171,25000
chrome-hearts,170,25000
chrome-hearts,169,25000
chrome-hearts,168,25000
chrome-hearts,167,25000
chrome-hearts,166,30000
chrome-hearts,165,25000
chrome-hearts,164,25000
chrome-hearts,163,25000
chrome-hearts,161,25000
chrome-hearts,160,25000
chrome-hearts,159,25000
chrome-hearts,158,30000
chrome-hearts,157,175000
chrome-hearts,156,40000
chrome-hearts,155,40000
chrome-hearts,154,40000
chrome-hearts,153,65000
chrome-hearts,152,45000
chrome-hearts,151,45000
chrome-hearts,150,45000
chrome-hearts,149,55000
chrome-hearts,148,50000
chrome-hearts,147,90000
chrome-hearts,146,45000
chrome-hearts,145,80000
chrome-hearts,144,55000
chrome-hearts,143,40000
chrome-hearts,142,80000
chrome-hearts,141,120000
chrome-hearts,140,95000
chrome-hearts,139,95000
chrome-hearts,138,150000
chrome-hearts,137,115000
chrome-hearts,136,90000
chrome-hearts,135,90000
chrome-hearts,134,200000
chrome-hearts,133,155000
chrome-hearts,132,210000
chrome-hearts,131,210000
chrome-hearts,130,150000
chrome-hearts,129,130000
chrome-hearts,128,175000
chrome-hearts,127,135000
chrome-hearts,126,170000
chrome-hearts,125,125000
chrome-hearts,124,160000
chrome-hearts,123,130000
chrome-hearts,122,125000
chrome-hearts,121,125000
chrome-hearts,120,125000
chrome-hearts,119,130000
chrome-hearts,118,145000
chrome-hearts,117,140000
chrome-hearts,116,140000
chrome-hearts,115,140000
chrome-hearts,114,125000
chrome-hearts,113,130000
chrome-hearts,112,125000
chrome-hearts,111,130000
chrome-hearts,110,125000
chrome-hearts,108,125000
chrome-hearts,107,125000
chrome-hearts,106,125000
chrome-hearts,105,125000
chrome-hearts,104,125000
chrome-hearts,103,130000
chrome-hearts,102,135000
chrome-hearts,101,125000
chrome-hearts,100,125000
chrome-hearts,99,125000
chrome-hearts,98,125000
chrome-hearts,97,125000
chrome-hearts,96,125000
chrome-hearts,95,125000
chrome-hearts,94,125000
chrome-hearts,93,125000
chrome-hearts,92,125000
chrome-hearts,91,125000
chrome-hearts,90,130000
chrome-hearts,89,125000
chrome-hearts,88,115000
chrome-hearts,87,215000
chrome-hearts,86,120000
chrome-hearts,85,140000
chrome-hearts,84,110000
chrome-hearts,83,135000
chrome-hearts,82,225000
chrome-hearts,81,135000
chrome-hearts,80,165000
chrome-hearts,79,170000
chrome-hearts,78,135000
chrome-hearts,77,140000
chrome-hearts,76,120000
chrome-hearts,75,120000
chrome-hearts,74,145000
chrome-hearts,73,120000
chrome-hearts,72,120000
chrome-hearts,71,115000
chrome-hearts,70,190000
chrome-hearts,69,195000
chrome-hearts,68,240000
chrome-hearts,67,140000
chrome-hearts,66,140000
chrome-hearts,65,140000
chrome-hearts,64,140000
chrome-hearts,63,140000
chrome-hearts,62,260000
chrome-hearts,61,310000
chrome-hearts,60,335000
chrome-hearts,59,355000
chrome-hearts,58,330000
chrome-hearts,57,195000
chrome-hearts,56,195000
chrome-hearts,55,185000
chrome-hearts,53,170000
chrome-hearts,52,30000
chrome-hearts,51,30000
chrome-hearts,50,30000
chrome-hearts,49,30000
chrome-hearts,48,30000
chrome-hearts,47,30000
chrome-hearts,46,30000
chrome-hearts,45,30000
chrome-hearts,44,30000
chrome-hearts,43,30000
chrome-hearts,42,30000
chrome-hearts,41,30000
chrome-hearts,40,30000
chrome-hearts,39,30000
chrome-hearts,38,30000
chrome-hearts,37,30000
chrome-hearts,36,30000
chrome-hearts,35,30000
chrome-hearts,34,30000
chrome-hearts,33,30000
chrome-hearts,32,30000
chrome-hearts,31,30000
chrome-hearts,30,30000
chrome-hearts,29,30000
chrome-hearts,28,30000
chrome-hearts,26,30000
chrome-hearts,25,30000
chrome-hearts,24,30000
chrome-hearts,23,30000
chrome-hearts,22,30000
chrome-hearts,21,30000
chrome-hearts,20,30000
chrome-hearts,19,30000
chrome-hearts,18,30000
chrome-hearts,17,30000
chrome-hearts,16,30000
chrome-hearts,15,30000
chrome-hearts,14,30000
chrome-hearts,13,30000
chrome-hearts,12,30000
chrome-hearts,11,30000
chrome-hearts,10,30000
chrome-hearts,9,30000
chrome-hearts,8,30000
chrome-hearts,7,30000
chrome-hearts,6,30000
chrome-hearts,5,30000
chrome-hearts,4,30000
chrome-hearts,3,30000
chrome-hearts,2,30000
chrome-hearts,1,30000
corteiz,232,25000
corteiz,229,20000
corteiz,227,45000
corteiz,226,35000
corteiz,225,55000
corteiz,224,60000
corteiz,223,245000
corteiz,221,155000
corteiz,220,170000
corteiz,219,160000
corteiz,218,175000
corteiz,217,170000
corteiz,216,160000
corteiz,215,135000
corteiz,214,135000
corteiz,213,140000
corteiz,212,145000
corteiz,211,150000
corteiz,210,135000
corteiz,209,165000
corteiz,204,130000
corteiz,202,160000
corteiz,194,155000
corteiz,192,120000
corteiz,191,115000
corteiz,190,135000
corteiz,189,105000
corteiz,188,150000
corteiz,186,135000
corteiz,185,160000
corteiz,184,180000
corteiz,183,165000
corteiz,182,150000
corteiz,181,140000
corteiz,180,165000
corteiz,179,150000
corteiz,178,120000
corteiz,175,165000
corteiz,174,140000
corteiz,173,145000
corteiz,172,155000
corteiz,171,175000
corteiz,169,135000
corteiz,167,175000
corteiz,166,165000
corteiz,165,145000
corteiz,164,135000
corteiz,163,140000
corteiz,162,150000
corteiz,161,175000
corteiz,160,155000
corteiz,159,170000
corteiz,158,135000
corteiz,157,160000
corteiz,156,175000
corteiz,154,175000
corteiz,153,150000
corteiz,152,130000
corteiz,151,165000
corteiz,150,165000
corteiz,149,125000
corteiz,148,130000
corteiz,147,130000
corteiz,146,165000
corteiz,145,150000
corteiz,144,170000
corteiz,143,145000
corteiz,142,155000
corteiz,135,130000
corteiz,134,130000
corteiz,133,135000
corteiz,132,140000
corteiz,131,135000
corteiz,130,155000
corteiz,128,85000
corteiz,127,85000
corteiz,126,105000
corteiz,125,105000
corteiz,124,115000
corteiz,123,140000
corteiz,122,210000
corteiz,121,120000
corteiz,120,120000
corteiz,119,150000
corteiz,118,150000
corteiz,117,100000
corteiz,116,90000
corteiz,115,190000
corteiz,114,125000
corteiz,113,205000
corteiz,111,120000
corteiz,110,120000
corteiz,109,145000
corteiz,108,125000
corteiz,107,120000
corteiz,106,195000
corteiz,105,210000
corteiz,104,95000
corteiz,103,85000
corteiz,101,145000
corteiz,99,115000
corteiz,98,185000
corteiz,97,125000
corteiz,96,125000
corteiz,95,195000
corteiz,94,155000
corteiz,93,135000
corteiz,92,155000
corteiz,91,200000
corteiz,90,180000
corteiz,88,155000
corteiz,87,120000
corteiz,84,105000
corteiz,83,165000
corteiz,82,185000
corteiz,81,120000
corteiz,80,120000
corteiz,79,135000
corteiz,78,195000
corteiz,77,145000
corteiz,76,245000
corteiz,75,145000
corteiz,74,125000
corteiz,73,200000
corteiz,72,170000
corteiz,71,210000
corteiz,70,120000
corteiz,69,130000
corteiz,68,160000
corteiz,67,140000
corteiz,66,170000
corteiz,65,205000
corteiz,64,155000
corteiz,63,225000
corteiz,62,205000
corteiz,61,205000
corteiz,60,355000
corteiz,59,105000
corteiz,58,175000
corteiz,57,150000
corteiz,55,205000
corteiz,54,230000
corteiz,53,235000
corteiz,51,205000
corteiz,50,205000
corteiz,48,110000
corteiz,47,125000
corteiz,46,205000
corteiz,44,130000
corteiz,43,125000
corteiz,42,125000
corteiz,41,170000
corteiz,40,155000
corteiz,39,205000
corteiz,38,120000
corteiz,37,130000
corteiz,36,155000
corteiz,35,215000
corteiz,34,130000
corteiz,33,250000
corteiz,32,115000
corteiz,31,165000
corteiz,30,120000
corteiz,29,130000
corteiz,28,125000
corteiz,27,115000
corteiz,25,115000
corteiz,24,110000
corteiz,23,110000
corteiz,22,110000
corteiz,20,115000
corteiz,19,130000
corteiz,18,130000
corteiz,17,130000
corteiz,16,130000
corteiz,15,135000
corteiz,14,130000
corteiz,13,110000
corteiz,12,245000
corteiz,11,120000
corteiz,10,110000
corteiz,9,120000
corteiz,8,135000
corteiz,7,130000
corteiz,6,195000
corteiz,5,210000
corteiz,4,155000
corteiz,3,115000
corteiz,2,200000
corteiz,1,130000
der-schutze,34,250000
der-schutze,33,205000
der-schutze,32,300000
der-schutze,31,300000
der-schutze,30,95000
der-schutze,29,95000
der-schutze,28,95000
der-schutze,27,125000
der-schutze,26,125000
der-schutze,25,175000
der-schutze,24,190000
der-schutze,23,215000
der-schutze,22,215000
der-schutze,21,215000
der-schutze,20,215000
der-schutze,19,220000
der-schutze,18,145000
der-schutze,17,145000
der-schutze,16,150000
der-schutze,15,170000
der-schutze,14,160000
der-schutze,13,155000
der-schutze,12,160000
der-schutze,11,155000
der-schutze,10,150000
der-schutze,8,160000
der-schutze,7,155000
der-schutze,6,155000
der-schutze,5,165000
der-schutze,4,170000
der-schutze,3,150000
der-schutze,2,165000
der-schutze,1,170000
hellstar,121,80000
hellstar,91,80000
hellstar,63,190000
hellstar,62,80000
hellstar,61,80000
hellstar,60,80000
hellstar,59,80000
hellstar,58,80000
hellstar,57,80000
hellstar,56,80000
hellstar,55,80000
hellstar,54,80000
hellstar,53,80000
hellstar,52,80000
hellstar,51,80000
hellstar,50,80000
hellstar,49,80000
hellstar,48,80000
hellstar,47,80000
hellstar,46,80000
hellstar,45,80000
hellstar,44,80000
hellstar,43,80000
hellstar,42,80000
hellstar,41,80000
hellstar,40,80000
hellstar,39,80000
hellstar,38,80000
hellstar,37,80000
hellstar,36,80000
hellstar,35,80000
hellstar,34,80000
hellstar,33,80000
hellstar,32,80000
hellstar,31,80000
hellstar,30,80000
hellstar,29,80000
hellstar,28,80000
hellstar,27,80000
hellstar,26,80000
hellstar,25,80000
hellstar,24,80000
hellstar,23,80000
hellstar,22,80000
hellstar,21,80000
hellstar,20,80000
hellstar,19,80000
hellstar,18,80000
hellstar,17,80000
hellstar,16,80000
hellstar,15,80000
hellstar,14,80000
hellstar,13,80000
hellstar,12,80000
hellstar,11,80000
hellstar,10,80000
hellstar,9,80000
hellstar,8,80000
hellstar,7,80000
hellstar,6,80000
hellstar,5,80000
hellstar,4,80000
hellstar,3,80000
hellstar,2,80000
hellstar,1,80000
nike-y-jordan,413,45000
nike-y-jordan,412,75000
nike-y-jordan,411,105000
nike-y-jordan,410,50000
nike-y-jordan,409,50000
nike-y-jordan,408,50000
nike-y-jordan,407,40000
nike-y-jordan,406,40000
nike-y-jordan,401,50000
nike-y-jordan,400,35000
nike-y-jordan,399,100000
nike-y-jordan,398,270000
nike-y-jordan,396,110000
nike-y-jordan,395,90000
nike-y-jordan,391,80000
nike-y-jordan,389,170000
nike-y-jordan,388,170000
nike-y-jordan,384,105000
nike-y-jordan,381,225000
nike-y-jordan,380,140000
nike-y-jordan,379,135000
nike-y-jordan,377,125000
nike-y-jordan,376,170000
nike-y-jordan,374,90000
nike-y-jordan,373,260000
nike-y-jordan,371,215000
nike-y-jordan,369,205000
nike-y-jordan,368,175000
nike-y-jordan,367,155000
nike-y-jordan,366,125000
nike-y-jordan,365,150000
nike-y-jordan,363,175000
nike-y-jordan,362,80000
nike-y-jordan,361,115000
nike-y-jordan,360,95000
nike-y-jordan,358,165000
nike-y-jordan,354,80000
nike-y-jordan,350,115000
nike-y-jordan,347,90000
nike-y-jordan,346,95000
nike-y-jordan,345,95000
nike-y-jordan,344,135000
nike-y-jordan,342,110000
nike-y-jordan,337,110000
nike-y-jordan,336,110000
nike-y-jordan,335,110000
nike-y-jordan,334,100000
nike-y-jordan,333,150000
nike-y-jordan,332,200000
nike-y-jordan,331,165000
nike-y-jordan,330,145000
nike-y-jordan,329,400000
nike-y-jordan,328,220000
nike-y-jordan,327,175000
nike-y-jordan,326,185000
nike-y-jordan,324,190000
nike-y-jordan,323,210000
nike-y-jordan,321,145000
nike-y-jordan,320,150000
nike-y-jordan,319,135000
nike-y-jordan,315,135000
nike-y-jordan,314,160000
nike-y-jordan,313,220000
nike-y-jordan,311,110000
nike-y-jordan,310,195000
nike-y-jordan,309,165000
nike-y-jordan,308,195000
nike-y-jordan,307,420000
nike-y-jordan,306,280000
nike-y-jordan,304,230000
nike-y-jordan,301,250000
nike-y-jordan,297,280000
nike-y-jordan,296,285000
nike-y-jordan,295,190000
nike-y-jordan,294,195000
nike-y-jordan,293,215000
nike-y-jordan,292,135000
nike-y-jordan,291,330000
nike-y-jordan,290,230000
nike-y-jordan,289,155000
nike-y-jordan,288,235000
nike-y-jordan,287,305000
nike-y-jordan,286,290000
nike-y-jordan,285,295000
nike-y-jordan,284,295000
nike-y-jordan,283,295000
nike-y-jordan,282,410000
nike-y-jordan,281,700000
nike-y-jordan,280,270000
nike-y-jordan,278,220000
nike-y-jordan,277,350000
nike-y-jordan,276,300000
nike-y-jordan,275,270000
nike-y-jordan,274,400000
nike-y-jordan,273,420000
nike-y-jordan,272,260000
nike-y-jordan,271,285000
nike-y-jordan,270,330000
nike-y-jordan,265,345000
nike-y-jordan,264,385000
nike-y-jordan,263,385000
nike-y-jordan,262,385000
nike-y-jordan,261,195000
nike-y-jordan,260,195000
nike-y-jordan,259,195000
nike-y-jordan,258,195000
nike-y-jordan,257,195000
nike-y-jordan,256,195000
nike-y-jordan,255,195000
nike-y-jordan,254,195000
nike-y-jordan,253,195000
nike-y-jordan,252,195000
nike-y-jordan,251,195000
nike-y-jordan,250,185000
nike-y-jordan,249,185000
nike-y-jordan,248,185000
nike-y-jordan,247,185000
nike-y-jordan,246,125000
nike-y-jordan,245,125000
nike-y-jordan,244,125000
nike-y-jordan,243,125000
nike-y-jordan,242,125000
nike-y-jordan,241,125000
nike-y-jordan,240,125000
nike-y-jordan,239,125000
nike-y-jordan,238,125000
nike-y-jordan,237,125000
nike-y-jordan,236,125000
nike-y-jordan,235,125000
nike-y-jordan,234,125000
nike-y-jordan,233,125000
nike-y-jordan,232,125000
nike-y-jordan,231,125000
nike-y-jordan,230,125000
nike-y-jordan,229,125000
nike-y-jordan,228,125000
nike-y-jordan,227,125000
nike-y-jordan,226,125000
nike-y-jordan,225,140000
nike-y-jordan,224,140000
nike-y-jordan,223,140000
nike-y-jordan,222,140000
nike-y-jordan,221,140000
nike-y-jordan,220,245000
nike-y-jordan,219,245000
nike-y-jordan,218,245000
nike-y-jordan,217,245000
nike-y-jordan,216,245000
nike-y-jordan,215,245000
nike-y-jordan,214,245000
nike-y-jordan,213,155000
nike-y-jordan,212,155000
nike-y-jordan,211,155000
nike-y-jordan,210,155000
nike-y-jordan,209,155000
nike-y-jordan,208,155000
nike-y-jordan,207,155000
nike-y-jordan,206,155000
nike-y-jordan,205,155000
nike-y-jordan,204,155000
nike-y-jordan,203,155000
nike-y-jordan,202,155000
nike-y-jordan,201,155000
nike-y-jordan,200,155000
nike-y-jordan,199,155000
nike-y-jordan,198,155000
nike-y-jordan,197,155000
nike-y-jordan,196,155000
nike-y-jordan,195,120000
nike-y-jordan,194,120000
nike-y-jordan,193,120000
nike-y-jordan,192,120000
nike-y-jordan,191,120000
nike-y-jordan,190,120000
nike-y-jordan,189,120000
nike-y-jordan,188,120000
nike-y-jordan,187,120000
nike-y-jordan,186,120000
nike-y-jordan,185,120000
nike-y-jordan,184,120000
nike-y-jordan,183,120000
nike-y-jordan,182,120000
nike-y-jordan,177,350000
nike-y-jordan,173,325000
nike-y-jordan,171,385000
nike-y-jordan,170,385000
nike-y-jordan,169,305000
nike-y-jordan,168,305000
nike-y-jordan,166,305000
nike-y-jordan,165,305000
nike-y-jordan,164,305000
nike-y-jordan,163,305000
nike-y-jordan,162,305000
nike-y-jordan,161,305000
nike-y-jordan,160,340000
nike-y-jordan,159,305000
nike-y-jordan,158,325000
nike-y-jordan,157,305000
nike-y-jordan,156,315000
nike-y-jordan,155,245000
nike-y-jordan,154,305000
nike-y-jordan,153,335000
nike-y-jordan,152,375000
nike-y-jordan,151,305000
nike-y-jordan,150,320000
nike-y-jordan,149,310000
nike-y-jordan,148,320000
nike-y-jordan,147,320000
nike-y-jordan,146,320000
nike-y-jordan,145,315000
nike-y-jordan,144,320000
nike-y-jordan,143,320000
nike-y-jordan,141,310000
nike-y-jordan,140,310000
nike-y-jordan,139,305000
nike-y-jordan,138,305000
nike-y-jordan,137,300000
nike-y-jordan,136,300000
nike-y-jordan,135,300000
nike-y-jordan,133,310000
nike-y-jordan,132,310000
nike-y-jordan,131,310000
nike-y-jordan,130,310000
nike-y-jordan,129,295000
nike-y-jordan,128,295000
nike-y-jordan,127,260000
nike-y-jordan,126,230000
nike-y-jordan,125,230000
nike-y-jordan,124,270000
nike-y-jordan,123,270000
nike-y-jordan,122,270000
nike-y-jordan,121,270000
nike-y-jordan,120,285000
nike-y-jordan,119,230000
nike-y-jordan,118,270000
nike-y-jordan,116,270000
nike-y-jordan,115,230000
nike-y-jordan,114,225000
nike-y-jordan,113,230000
nike-y-jordan,112,135000
nike-y-jordan,111,230000
nike-y-jordan,110,135000
nike-y-jordan,109,230000
nike-y-jordan,108,230000
nike-y-jordan,107,285000
nike-y-jordan,106,230000
nike-y-jordan,105,230000
nike-y-jordan,104,230000
nike-y-jordan,103,230000
nike-y-jordan,102,230000
nike-y-jordan,79,265000
nike-y-jordan,78,240000
nike-y-jordan,77,215000
nike-y-jordan,76,220000
nike-y-jordan,75,205000
nike-y-jordan,74,225000
nike-y-jordan,73,225000
nike-y-jordan,72,225000
nike-y-jordan,71,220000
nike-y-jordan,70,220000
nike-y-jordan,69,220000
nike-y-jordan,68,240000
nike-y-jordan,67,195000
nike-y-jordan,66,240000
nike-y-jordan,65,245000
nike-y-jordan,64,230000
nike-y-jordan,63,220000
nike-y-jordan,62,255000
nike-y-jordan,61,265000
nike-y-jordan,60,170000
nike-y-jordan,59,100000
nike-y-jordan,58,100000
nike-y-jordan,51,100000
nike-y-jordan,49,105000
nike-y-jordan,48,105000
nike-y-jordan,47,105000
nike-y-jordan,46,105000
nike-y-jordan,45,105000
nike-y-jordan,44,105000
nike-y-jordan,43,105000
nike-y-jordan,42,105000
nike-y-jordan,41,105000
nike-y-jordan,40,105000
nike-y-jordan,39,105000
nike-y-jordan,38,105000
nike-y-jordan,37,105000
nike-y-jordan,36,105000
nike-y-jordan,35,105000
nike-y-jordan,34,105000
nike-y-jordan,33,125000
nike-y-jordan,32,295000
nike-y-jordan,31,105000
nike-y-jordan,30,105000
nike-y-jordan,29,105000
nike-y-jordan,28,145000
nike-y-jordan,27,145000
nike-y-jordan,26,145000
nike-y-jordan,25,165000
nike-y-jordan,24,230000
nike-y-jordan,23,230000
nike-y-jordan,22,230000
nike-y-jordan,21,230000
nike-y-jordan,20,230000
nike-y-jordan,20,150000
nike-y-jordan,18,105000
nike-y-jordan,17,105000
nike-y-jordan,16,105000
nike-y-jordan,15,105000
nike-y-jordan,14,105000
nike-y-jordan,13,190000
nike-y-jordan,12,190000
nike-y-jordan,11,205000
nike-y-jordan,9,105000
nike-y-jordan,8,190000
nike-y-jordan,7,125000
nike-y-jordan,6,105000
nike-y-jordan,5,105000
nike-y-jordan,4,105000
nike-y-jordan,3,160000
nike-y-jordan,2,105000
nike-y-jordan,1,105000
rick-owens,109,395000
rick-owens,108,430000
rick-owens,107,350000
rick-owens,106,325000
rick-owens,105,320000
rick-owens,104,320000
rick-owens,103,320000
rick-owens,102,320000
rick-owens,101,320000
rick-owens,100,430000
rick-owens,99,430000
rick-owens,98,430000
rick-owens,97,430000
rick-owens,96,375000
rick-owens,95,325000
rick-owens,94,350000
rick-owens,93,325000
rick-owens,92,500000
rick-owens,91,500000
rick-owens,90,325000
rick-owens,89,325000
rick-owens,88,325000
rick-owens,87,350000
rick-owens,86,325000
rick-owens,85,330000
rick-owens,84,355000
rick-owens,83,335000
rick-owens,82,380000
rick-owens,81,380000
rick-owens,80,335000
rick-owens,79,325000
rick-owens,78,340000
rick-owens,77,340000
rick-owens,76,355000
rick-owens,75,295000
rick-owens,74,295000
rick-owens,73,295000
rick-owens,72,295000
rick-owens,71,295000
rick-owens,70,295000
rick-owens,69,320000
rick-owens,68,355000
rick-owens,67,320000
rick-owens,66,285000
rick-owens,65,425000
rick-owens,64,425000
rick-owens,63,425000
rick-owens,62,430000
rick-owens,61,380000
rick-owens,60,375000
rick-owens,59,325000
rick-owens,58,325000
rick-owens,57,225000
rick-owens,56,260000
rick-owens,55,325000
rick-owens,54,325000
rick-owens,53,325000
rick-owens,52,260000
rick-owens,51,360000
rick-owens,50,355000
rick-owens,49,260000
rick-owens,48,370000
rick-owens,47,285000
rick-owens,46,340000
rick-owens,45,340000
rick-owens,44,270000
rick-owens,43,360000
rick-owens,42,285000
rick-owens,41,305000
rick-owens,40,270000
rick-owens,39,345000
rick-owens,38,280000
rick-owens,37,295000
rick-owens,36,285000
rick-owens,35,430000
rick-owens,34,435000
rick-owens,33,380000
rick-owens,32,380000
rick-owens,31,295000
rick-owens,30,310000
rick-owens,29,460000
rick-owens,28,330000
rick-owens,27,305000
rick-owens,26,365000
rick-owens,25,415000
rick-owens,24,360000
rick-owens,23,525000
rick-owens,22,265000
rick-owens,21,280000
rick-owens,20,355000
rick-owens,19,580000
rick-owens,18,385000
rick-owens,17,170000
rick-owens,16,130000
rick-owens,15,130000
rick-owens,14,195000
rick-owens,13,160000
rick-owens,12,180000
rick-owens,11,200000
rick-owens,10,310000
rick-owens,9,325000
rick-owens,8,390000
rick-owens,7,390000
rick-owens,6,380000
rick-owens,5,375000
rick-owens,4,330000
rick-owens,3,335000
rick-owens,2,335000
rick-owens,1,355000
sp5der,245,75000
sp5der,244,75000
sp5der,243,45000
sp5der,242,60000
sp5der,241,110000
sp5der,240,100000
sp5der,239,90000
sp5der,238,90000
sp5der,237,30000
sp5der,236,30000
sp5der,235,30000
sp5der,234,30000
sp5der,233,60000
sp5der,232,60000
sp5der,231,60000
sp5der,230,60000
sp5der,229,60000
sp5der,228,60000
sp5der,227,60000
sp5der,226,75000
sp5der,225,265000
sp5der,224,265000
sp5der,223,240000
sp5der,222,365000
sp5der,221,240000
sp5der,220,265000
sp5der,219,315000
sp5der,218,260000
sp5der,217,330000
sp5der,216,265000
sp5der,215,330000
sp5der,214,305000
sp5der,213,355000
sp5der,212,265000
sp5der,211,275000
sp5der,210,265000
sp5der,209,330000
sp5der,208,265000
sp5der,207,330000
sp5der,206,210000
sp5der,205,265000
sp5der,204,265000
sp5der,203,265000
sp5der,202,265000
sp5der,201,265000
sp5der,200,300000
sp5der,199,300000
sp5der,198,265000
sp5der,197,300000
sp5der,196,260000
sp5der,195,265000
sp5der,194,180000
sp5der,193,185000
sp5der,192,185000
sp5der,190,210000
sp5der,189,185000
sp5der,188,185000
sp5der,187,185000
sp5der,186,185000
sp5der,185,185000
sp5der,182,210000
sp5der,181,185000
sp5der,177,320000
sp5der,171,320000
sp5der,170,320000
sp5der,135,70000
sp5der,132,70000
sp5der,131,70000
sp5der,127,70000
sp5der,126,70000
sp5der,125,245000
sp5der,124,470000
sp5der,123,370000
sp5der,121,380000
sp5der,120,445000
sp5der,119,145000
sp5der,117,380000
sp5der,116,380000
sp5der,115,285000
sp5der,114,285000
sp5der,111,115000
sp5der,105,115000
sp5der,104,115000
sp5der,103,115000
sp5der,101,115000
sp5der,100,100000
sp5der,97,100000
sp5der,96,110000
sp5der,95,110000
sp5der,92,110000
sp5der,88,110000
sp5der,87,110000
sp5der,82,110000
sp5der,76,420000
sp5der,75,420000
sp5der,74,295000
sp5der,72,295000
sp5der,69,310000
sp5der,67,295000
sp5der,66,295000
sp5der,64,310000
sp5der,63,295000
sp5der,61,310000
sp5der,60,295000
sp5der,59,295000
sp5der,57,295000
sp5der,56,295000
sp5der,55,295000
sp5der,54,295000
sp5der,53,295000
sp5der,52,420000
sp5der,51,295000
sp5der,50,295000
stussy,146,55000
stussy,145,50000
stussy,144,50000
stussy,143,45000
stussy,140,130000
stussy,133,35000
stussy,130,35000
stussy,129,85000
stussy,127,45000
stussy,126,50000
stussy,125,45000
stussy,120,160000
stussy,119,125000
stussy,118,195000
stussy,117,120000
stussy,116,105000
stussy,114,175000
stussy,112,190000
stussy,111,220000
stussy,109,160000
stussy,108,225000
stussy,107,235000
stussy,106,170000
stussy,105,85000
stussy,104,125000
stussy,103,85000
stussy,102,85000
stussy,101,95000
stussy,100,95000
stussy,99,85000
stussy,97,115000
stussy,96,110000
stussy,95,110000
stussy,94,95000
stussy,93,160000
stussy,92,120000
stussy,91,130000
stussy,90,105000
stussy,88,160000
stussy,87,95000
stussy,86,95000
stussy,85,155000
stussy,84,165000
stussy,83,160000
stussy,82,110000
stussy,81,85000
stussy,80,115000
stussy,79,85000
stussy,78,85000
stussy,77,195000
stussy,76,195000
stussy,75,225000
stussy,74,130000
stussy,73,95000
stussy,72,95000
stussy,70,100000
stussy,69,100000
stussy,68,135000
stussy,67,85000
stussy,66,85000
stussy,65,85000
stussy,64,100000
stussy,62,85000
stussy,61,85000
stussy,59,95000
stussy,58,220000
stussy,57,205000
stussy,56,165000
stussy,55,140000
stussy,54,165000
stussy,53,205000
stussy,52,95000
stussy,51,95000
stussy,50,95000
stussy,49,155000
stussy,48,205000
stussy,47,95000
stussy,45,210000
stussy,44,175000
stussy,43,115000
stussy,42,195000
stussy,41,160000
stussy,40,245000
stussy,39,220000
stussy,38,160000
stussy,37,95000
stussy,36,95000
stussy,35,115000
stussy,34,155000
stussy,33,155000
stussy,32,155000
stussy,29,160000
stussy,28,160000
stussy,25,160000
stussy,24,160000
stussy,23,160000
stussy,22,165000
stussy,21,135000
stussy,20,160000
stussy,19,95000
stussy,18,135000
stussy,17,150000
stussy,16,95000
stussy,15,175000
stussy,14,85000
stussy,13,85000
stussy,12,85000
stussy,11,425000
stussy,10,255000
stussy,9,245000
stussy,8,150000
stussy,7,165000
stussy,6,165000
stussy,5,165000
stussy,4,165000
stussy,3,160000
stussy,1,155000
supreme,168,45000
supreme,167,45000
supreme,166,45000
supreme,165,45000
supreme,164,45000
supreme,163,45000
supreme,162,45000
supreme,161,45000
supreme,160,45000
supreme,159,45000
supreme,158,45000
supreme,157,45000
supreme,156,45000
supreme,155,80000
supreme,154,100000
supreme,153,100000
supreme,152,100000
supreme,151,100000
supreme,150,100000
supreme,149,100000
supreme,148,100000
supreme,147,80000
supreme,145,80000
supreme,144,380000
supreme,143,380000
supreme,142,305000
supreme,141,305000
supreme,140,290000
supreme,139,150000
supreme,138,150000
supreme,137,150000
supreme,136,150000
supreme,135,150000
supreme,134,150000
supreme,133,150000
supreme,132,260000
supreme,131,165000
supreme,130,165000
supreme,129,165000
supreme,128,165000
supreme,127,165000
supreme,126,165000
supreme,125,165000
supreme,124,175000
supreme,123,435000
supreme,122,85000
supreme,121,105000
supreme,120,395000
supreme,119,295000
supreme,118,90000
supreme,117,230000
supreme,116,165000
supreme,115,165000
supreme,114,100000
supreme,113,310000
supreme,112,315000
supreme,111,430000
supreme,110,300000
supreme,109,100000
supreme,108,100000
supreme,107,335000
supreme,106,185000
supreme,105,490000
supreme,104,95000
supreme,103,95000
supreme,102,390000
supreme,101,580000
supreme,100,315000
supreme,99,260000
supreme,98,260000
supreme,97,465000
supreme,96,255000
supreme,95,120000
supreme,94,180000
supreme,93,210000
supreme,92,115000
supreme,91,105000
supreme,90,310000
supreme,89,275000
supreme,88,290000
supreme,87,130000
supreme,86,105000
supreme,85,105000
supreme,84,105000
supreme,83,105000
supreme,82,105000
supreme,81,145000
supreme,80,145000
supreme,79,145000
supreme,78,315000
supreme,77,90000
supreme,76,55000
supreme,75,40000
supreme,74,45000
supreme,73,60000
supreme,72,40000
supreme,71,45000
supreme,70,170000
supreme,69,50000
supreme,68,90000
supreme,67,75000
supreme,66,70000
supreme,65,90000
supreme,64,80000
supreme,63,50000
supreme,62,95000
supreme,61,90000
supreme,60,170000
supreme,59,245000
supreme,58,260000
supreme,57,260000
supreme,56,150000
supreme,55,260000
supreme,54,240000
supreme,53,135000
supreme,52,185000
supreme,51,220000
supreme,50,270000
supreme,49,480000
supreme,48,255000
supreme,47,220000
supreme,46,230000
supreme,45,235000
supreme,44,465000
supreme,43,150000
supreme,42,370000
supreme,41,455000
supreme,40,390000
supreme,39,325000
supreme,38,315000
supreme,37,115000
supreme,36,115000
supreme,35,95000
supreme,34,95000
supreme,33,375000
supreme,32,375000
supreme,31,375000
supreme,30,375000
supreme,29,385000
supreme,28,385000
supreme,27,325000
supreme,26,325000
supreme,25,325000
supreme,24,260000
supreme,23,260000
supreme,22,240000
supreme,21,240000
supreme,20,240000
supreme,19,180000
supreme,18,180000
supreme,17,335000
supreme,16,335000
supreme,15,265000
supreme,14,265000
supreme,13,335000
supreme,12,265000
supreme,11,200000
supreme,10,200000
supreme,9,200000
supreme,8,200000
supreme,7,130000
supreme,6,140000
supreme,5,470000
supreme,4,470000
supreme,3,285000
supreme,2,285000
supreme,1,285000
valley-dreams,55,195000
valley-dreams,54,195000
valley-dreams,53,220000
valley-dreams,52,185000
valley-dreams,51,185000
valley-dreams,50,190000
valley-dreams,49,195000
valley-dreams,48,115000
valley-dreams,47,230000
valley-dreams,46,160000
valley-dreams,45,235000
valley-dreams,44,200000
valley-dreams,43,200000
valley-dreams,42,200000
valley-dreams,41,190000
valley-dreams,40,105000
valley-dreams,39,140000
valley-dreams,38,140000
valley-dreams,37,105000
valley-dreams,36,115000
valley-dreams,35,115000
valley-dreams,34,220000
valley-dreams,33,215000
valley-dreams,32,180000
valley-dreams,31,240000
valley-dreams,30,130000
valley-dreams,29,220000
valley-dreams,28,245000
valley-dreams,27,70000
valley-dreams,26,105000
valley-dreams,25,100000
valley-dreams,24,180000
valley-dreams,23,110000
valley-dreams,22,180000
valley-dreams,21,70000
valley-dreams,20,75000
valley-dreams,19,70000
valley-dreams,18,80000
valley-dreams,17,80000
valley-dreams,16,75000
valley-dreams,14,155000
valley-dreams,13,80000
valley-dreams,12,165000
valley-dreams,11,160000
valley-dreams,10,180000
valley-dreams,9,70000
valley-dreams,8,70000
valley-dreams,7,70000
valley-dreams,6,70000
valley-dreams,5,150000
valley-dreams,4,150000
valley-dreams,3,150000
valley-dreams,2,150000
valley-dreams,1,150000
